[ {"year":2001,
  "iconYear":"cars/carsImage/iconyear.png",
  "make":"Mercedes","model":"Maybach S560",
  "image":"https://www.cstatic-images.com/car-pictures/xl/USC60BMC111A021001.jpg",
  "condition":"use car",
  "body":"compact",
  "icontransmission":"cars/carsImage/icontransmission.png",
  "transmission":"Automatic",
  "iconuseWay":"cars/carsImage/iconuseWay.png",
  "useWay":13000,
  "price":240500,
  "stars":"cars/carsImage/stars.png",
  "description":"Nunc facilisis sagittis ullamcorper. Proin lectulputate"},

  {"year":2001,
    "iconYear":"cars/carsImage/iconyear.png",
    "make":"Bugatti",
    "model":"Chiron",
    "image":"https://i.kinja-img.com/gawker-media/image/upload/s--VPdWIFQn--/c_scale,f_auto,fl_progressive,q_80,w_800/ede4d1bysi0o9usjeray.jpg",
    "icontransmission":"cars/carsImage/icontransmission.png",
    "condition":"use car",
    "body":"compact",
    "transmission":"Automatic",
    "iconuseWay":"cars/carsImage/iconuseWay.png",
    "useWay":14000,
    "price":1400000,
    "stars":"cars/carsImage/stars.png",
    "description":"Nunc facilisis sagittis ullamcorper. Proin lectulputate"},

  {"year":2001,
    "iconYear":"cars/carsImage/iconyear.png",
    "make":"AUDI",
    "model":"A8 QUATTRO",
    "image":"https://article.images.consumerreports.org/prod/content/dam/CRO%20Images%202018/Cars/March/CR-Cars-InlineHero-2018-Honda-CR-V-driving-3-18",
    "condition":"use car",
    "body":"compact",

    "transmission":"Automatic",

    "useWay":13000,
    "price":231000,
    "stars":"cars/carsImage/stars.png",
    "description":"Nunc facilisis sagittis ullamcorper. Proin lectulputate"},

  {"year":2001,
    "iconYear":"cars/carsImage/iconyear.png",
    "make":"BLUE BIRD",
    "model":"ALL AMERICAN",
    "image":"https://media.wired.com/photos/59b1a378a0df4b47dcf7ccb0/master/w_2400,c_limit/LamborghiniRoadsterTA.jpg",
    "condition":"use car",
    "body":"compact",
    "transmission":"Automatic",

    "useWay":13000,
    "price":210000,
    "stars":"cars/carsImage/stars.png",
    "description":"Nunc facilisis sagittis ullamcorper. Proin lectulputate"},

  {"year":2001,
    "iconYear":"cars/carsImage/iconyear.png",
    "make":"BLUE BIRD",
    "model":"SHL TC2000",
    "image":"http://a57.foxnews.com/images.foxnews.com/content/fox-news/auto/2017/12/13/most-powerful-cars-2017/_jcr_content/article-text/article-par-5/inline_spotlight_ima/image.img.jpg/612/344/1513199871601.jpg?ve=1&tl=1",
    "condition":"use car",
    "body":"compact",

    "transmission":"Automatic",

    "useWay":13000,
    "price":268000,
    "stars":"cars/carsImage/stars.png",
    "description":"Nunc facilisis sagittis ullamcorper. Proin lectulputate"},

  {"year":2001,
   "make":"BMW",
    "model":"X5",
    "image":"https://encrypted-tbn0.gstatic.com/images?q=tbn:ANd9GcTzSTo9keosxkDB18KNDcc0SQx9V00QJJrc4je_uE9OCEJzce_9",
    "condition":"use car",
    "body":"compact",
    "transmission":"Automatic",
    "useWay":13000,
    "price":244000,
    "stars":"cars/carsImage/stars.png",
    "description":"Nunc facilisis sagittis ullamcorper. Proin lectulputate"},

  {"year":2001,
    "make":"BMW",
    "model":"Z8",
    "image":"cars/carsImage/redFerrari1.jpg",
    "condition":"use car",
    "body":"compact",
    "transmission":"Automatic",
    "useWay":13000,
    "price":247000,
    "stars":"cars/carsImage/stars.png",
    "description":"Nunc facilisis sagittis ullamcorper. Proin lectulputate"},

  {"year":2001,
    "make":"BOMBARDIER",
    "model":"TRAXTER 500 XL",
    "image":"http://cdn1.carbuyer.co.uk/sites/carbuyer_d7/files/car_images/seatartecacutout1.jpg",
    "condition":"use car",
    "body":"compact",
    "transmission":"Automatic",
    "useWay":13000,
    "price":138000,
    "stars":"cars/carsImage/stars.png",
    "description":"Nunc facilisis sagittis ullamcorper. Proin lectulputate"},

  {"year":2001,
    "make":"BUICK",
    "model":"REGAL",
    "image":"https://www.cstatic-images.com/stock/1000x300/32/img-145590698-1529943169532.jpg",
    "condition":"use car",
    "body":"compact",
    "transmission":"Automatic",
    "useWay":13000,
    "price":136000,
    "stars":"cars/carsImage/stars.png",
    "description":"Nunc facilisis sagittis ullamcorper. Proin lectulputate"},

  {"year":2001,
    "make":"CADILLAC",
    "model":"SEVILLE",
    "image":"cars/carsImage/redFerrari1.jpg",
    "condition":"use car",
    "body":"compact",
    "transmission":"Automatic",
    "useWay":13000,
    "price":201000,
    "stars":"cars/carsImage/stars.png",
    "description":"Nunc facilisis sagittis ullamcorper. Proin lectulputate"},

  {"year":2001,
    "make":"CANNONDALE",
    "model":"MX400",
    "image":"https://3dwarehouse.sketchup.com/warehouse/getpubliccontent?contentId=c34d218c-dcd8-40e7-9b49-ced572aad38d",
    "condition":"use car",
    "body":"compact",
    "transmission":"Automatic",
    "useWay":13000,
    "price":240000,
    "stars":"cars/carsImage/stars.png",
    "description":"Nunc facilisis sagittis ullamcorper. Proin lectulputate"},

  {"year":2001,
    "make":"CHANCE COACH TRANSIT BUS",
    "model":"CNG-28",
    "image":"cars/carsImage/redFerrari1.jpg",
    "condition":"use car",
    "body":"compact",
    "transmission":"Automatic",
    "useWay":13000,
    "price":208000,
    "stars":"cars/carsImage/stars.png",
    "description":"Nunc facilisis sagittis ullamcorper. Proin lectulputate"},

  {"year":2001,
    "make":"CHRYSLER",
    "model":"VOYAGER",
    "image":"https://1.bp.blogspot.com/-JsNEVfPRrTI/WDOvg9tOwRI/AAAAAAAAeCQ/QiJ8TxSY3ic9frHf8og07tnyaVJ6HG9NgCLcB/s1600/carro_top2.png",
    "condition":"use car",
    "body":"compact",
    "transmission":"Automatic",
    "useWay":13000,
    "price":106000,
    "stars":"cars/carsImage/stars.png",
    "description":"Nunc facilisis sagittis ullamcorper. Proin lectulputate"},

  {"year":2001,
    "make":"COBRA",
    "model":"KING",
    "image":"cars/carsImage/redFerrari1.jpg",
    "condition":"use car",
    "body":"compact",
    "transmission":"Automatic",
    "useWay":13000,
    "price":157000,
    "stars":"cars/carsImage/stars.png",
    "description":"Nunc facilisis sagittis ullamcorper. Proin lectulputate"},

  {"year":2001,
    "make":"DAEWOO",
    "model":"NUBIRA",
    "image":"https://img.autobytel.com/car-reviews/autobytel/11827-cool-luxury-cars/2015-Tesla-Model-S-90D-black-profile-in-front-of-modern-house.jpg",
    "condition":"use car",
    "body":"compact",
    "transmission":"Automatic",
    "useWay":13000,
    "price":148000,
    "stars":"cars/carsImage/stars.png",
    "description":"Nunc facilisis sagittis ullamcorper. Proin lectulputate"},

  {"year":2001,
    "make":"DODGE",
    "model":"VIPER",
    "image":"https://car-images.bauersecure.com/pagefiles/79003/future_of_jaguar_06.jpg",
    "condition":"use car",
    "body":"compact",
    "transmission":"Automatic",
    "useWay":13000,
    "price":201000,
    "stars":"cars/carsImage/stars.png",
    "description":"Nunc facilisis sagittis ullamcorper. Proin lectulputate"},

  {"year":2001,
    "make":"DUCATI",
    "model":"ST4",
    "image":"https://prod-suzuki.azureedge.net/media/3325/celerio_sz4_rpro_cbpm.png?anchor=center&mode=crop&width=500&rnd=131280088310000000",
    "condition":"use car",
    "body":"compact",
    "transmission":"Automatic",
    "useWay":13000,
    "price":203000,
    "stars":"cars/carsImage/stars.png",
    "description":"Nunc facilisis sagittis ullamcorper. Proin lectulputate"},

  {"year":2001,
    "make":"E-TON",
    "model":"YXL 150",
    "image":"https://media.wired.com/photos/5a207b8740ed7f46060c7dda/master/w_2400,c_limit/lucid-roundup-TA.jpg",
    "condition":"use car",
    "body":"compact",
    "transmission":"Automatic",
    "useWay":13000,
    "price":234000,
    "stars":"cars/carsImage/stars.png",
    "description":"Nunc facilisis sagittis ullamcorper. Proin lectulputate"},

  {"year":2001,
    "make":"EL DORADO",
    "model":"TRANSMARK RE",
    "image":"https://hips.hearstapps.com/hmg-prod.s3.amazonaws.com/images/screen-shot-2018-08-03-at-9-45-36-am-1533303960.png?crop=0.9992254066615027xw:1xh;center,top&resize=480:*",
    "condition":"use car",
    "body":"compact",
    "transmission":"Automatic",
    "useWay":13000,
    "price":241000,
    "stars":"cars/carsImage/stars.png",
    "description":"Nunc facilisis sagittis ullamcorper. Proin lectulputate"},

  {"year":2001,
    "make":"FERRARI",
    "model":"550 MARANELLO",
    "image":"http://www.topcarrating.com/icona/2015-icona-vulcano-titanium-6.jpg",
    "condition":"use car",
    "body":"compact",
    "transmission":"Automatic",
    "useWay":13000,
    "price":221000,
    "stars":"cars/carsImage/stars.png",
    "description":"Nunc facilisis sagittis ullamcorper. Proin lectulputate"},

  {"year":2001,
    "make":"FORD",
    "model":"WINDSTAR",
    "image":"https://s3-eu-west-1.amazonaws.com/carsireland.ie.review/review/wp-content/uploads/2018/08/06000015/25honda.jpg",
    "condition":"use car",
    "body":"compact",
    "transmission":"Automatic",
    "useWay":13000,
    "price":121000,
    "stars":"cars/carsImage/stars.png",
    "description":"Nunc facilisis sagittis ullamcorper. Proin lectulputate"},

  {"year":2001,
    "make":"FREIGHTLINER",
    "model":"MT55",
    "image":"https://dynaimage.cdn.cnn.com/cnn/q_auto,w_1024,c_fill,g_auto,h_576,ar_16:9/http%3A%2F%2Fcdn.cnn.com%2Fcnnnext%2Fdam%2Fassets%2F161217142430-2017-cars-ferrari-1.jpg",
    "condition":"use car",
    "body":"compact",
    "transmission":"Automatic",
    "useWay":13000,
    "price":119000,
    "stars":"cars/carsImage/stars.png",
    "description":"Nunc facilisis sagittis ullamcorper. Proin lectulputate"},

  {"year":2001,
    "make":"GAS GAS",
    "model":"ENDUCROSS EC 300",
    "image":"http://selekt.volvocars.co.uk/picserver1/userdata/1/25198/VmfZChhkB/xc60_1_.png",
    "condition":"use car",
    "body":"compact",
    "transmission":"Automatic",
    "useWay":13000,
    "price":124000,
    "stars":"cars/carsImage/stars.png",
    "description":"Nunc facilisis sagittis ullamcorper. Proin lectulputate"},

  {"year":2001,
    "make":"GILLIG",
    "model":"LOW FLOOR",
    "image":"cars/carsImage/redFerrari1.jpg",
    "condition":"use car",
    "body":"compact",
    "transmission":"Automatic",
    "useWay":13000,
    "price":191000,
    "stars":"cars/carsImage/stars.png",
    "description":"Nunc facilisis sagittis ullamcorper. Proin lectulputate"},

  {"year":2001,
    "make":"GMC",
    "model":"YUKON XL 2500",
    "image":"https://t1-cms-2.images.toyota-europe.com/toyotaone/gben/Yaris%20image%20audit%201600x900%20New%20Cars_tcm-3060-359399.jpg",
    "condition":"use car",
    "body":"compact",
    "transmission":"Automatic",
    "useWay":13000,
    "price":168000,
    "stars":"cars/carsImage/stars.png",
    "description":"Nunc facilisis sagittis ullamcorper. Proin lectulputate"},

  {"year":2001,
    "make":"HARLEY DAVIDSON",
    "model":"XLH883HUG SPORTSTER 883 HUGGER",
    "image":"https://cdn.aarp.net/content/dam/aarp/auto/2018/02/1140-2018-chrysler-300.web.jpg",
    "condition":"use car",
    "body":"compact",
    "transmission":"Automatic",
    "useWay":13000,
    "price":405000,
    "stars":"cars/carsImage/stars.png",
    "description":"Nunc facilisis sagittis ullamcorper. Proin lectulputate"},

  {"year":2001,
    "make":"HINO",
    "model":"SG3325",
    "image":"https://encrypted-tbn0.gstatic.com/images?q=tbn:ANd9GcQAmXyUL2Eem3CzhAEMIBzWr3qrvl8DkZGymOJ8uok0AmuAilTzyQ",
    "condition":"use car",
    "body":"compact",
    "transmission":"Automatic",
    "useWay":13000,
    "price":231000,
    "stars":"cars/carsImage/stars.png",
    "description":"Nunc facilisis sagittis ullamcorper. Proin lectulputate"},

  {"year":2001,
    "make":"HM",
    "model":"CRE 50",
    "image":"https://static.hgmsites.net/images/cache/2018-kia-soul_100621895_490x275.jpg",
    "condition":"use car",
    "body":"compact",
    "transmission":"Automatic",
    "useWay":13000,
    "price":301000,
    "stars":"cars/carsImage/stars.png",
    "description":"Nunc facilisis sagittis ullamcorper. Proin lectulputate"},

  {"year":2001,
    "make":"HONDA",
    "model":"XR80R",
    "image":"https://encrypted-tbn0.gstatic.com/images?q=tbn:ANd9GcQ_aI6FAURvMF6n2-Ago00co539xjG3sCLxT2dkbsddrM1yQ1HC7Q",
    "condition":"use car",
    "body":"compact",
    "transmission":"Automatic",
    "useWay":13000,
    "price":281000,
    "stars":"cars/carsImage/stars.png",
    "description":"Nunc facilisis sagittis ullamcorper. Proin lectulputate"},

  {"year":2001,
    "make":"HUSABERG",
    "model":"FX650E",
    "image":"https://www.budget.com/content/dam/cars/l/2017/ford/2017-ford-mustang-v6-coupe-blue_featured.png",
    "condition":"use car",
    "body":"compact",
    "transmission":"Automatic",
    "useWay":13000,
    "price":221000,
    "stars":"cars/carsImage/stars.png",
    "description":"Nunc facilisis sagittis ullamcorper. Proin lectulputate"},

  {"year":2001,
    "make":"HUSQVARNA",
    "model":"WR360",
    "image":"http://selekt.volvocars.co.uk/picserver1/userdata/1/25198/VmfZChhkB/v40.png",
    "condition":"use car",
    "body":"compact",
    "transmission":"Automatic",
    "useWay":13000,
    "price":104000,
    "stars":"cars/carsImage/stars.png",
    "description":"Nunc facilisis sagittis ullamcorper. Proin lectulputate"},

  {"year":2001,
    "make":"HYUNDAI",
    "model":"XG300",
    "image":"https://www.honda.com.au/content/dam/hondaRel/social/Cars.jpg",
    "condition":"use car",
    "body":"compact",
    "transmission":"Automatic",
    "useWay":13000,
    "price":101000,
    "stars":"cars/carsImage/stars.png",
    "description":"Nunc facilisis sagittis ullamcorper. Proin lectulputate"},

  {"year":2001,
    "make":"INDIAN",
    "model":"SPIRIT",
    "image":"https://www.tradepricecars.com/img-src/_themev2-tradepricecars-1249/theme/finance-car.png",
    "condition":"use car",
    "body":"compact",
    "transmission":"Automatic",
    "useWay":13000,
    "price":267000,
    "stars":"cars/carsImage/stars.png",
    "description":"Nunc facilisis sagittis ullamcorper. Proin lectulputate"},

  {"year":2001,
    "make":"INFINITI",
    "model":"QX4",
    "image":"http://www.trbimg.com/img-531f6920/turbine/chi-top-10-dream-cars-101210",
    "condition":"use car",
    "body":"compact",
    "transmission":"Automatic",
    "useWay":13000,
    "price":264000,
    "stars":"cars/carsImage/stars.png",
    "description":"Nunc facilisis sagittis ullamcorper. Proin lectulputate"},

  {"year":2001,
    "make":"INTERNATIONAL",
    "model":"4700LPX",
    "image":"https://dynaimage.cdn.cnn.com/cnn/q_auto,w_1024,c_fill,g_auto,h_576,ar_16:9/http%3A%2F%2Fcdn.cnn.com%2Fcnnnext%2Fdam%2Fassets%2F161217142430-2017-cars-ferrari-1.jpg",
    "condition":"use car",
    "body":"compact",
    "transmission":"Automatic",
    "useWay":13000,
    "price":720000,
    "stars":"cars/carsImage/stars.png",
    "description":"Nunc facilisis sagittis ullamcorper. Proin lectulputate"},

  {"year":2001,
    "make":"ISUZU",
    "model":"FVR",
    "image":"https://www.beaulieu.co.uk/wp/wp-content/uploads/2017/11/desktop-attraction_On-Screen-Cars-Jaguar-XKR_w870px_h475px.jpg",
    "condition":"use car",
    "body":"compact",
    "transmission":"Automatic",
    "useWay":13000,
    "price":169000,
    "stars":"cars/carsImage/stars.png",
    "description":"Nunc facilisis sagittis ullamcorper. Proin lectulputate"},

  {"year":2001,
    "make":"JAGUAR",
    "model":"XJ8",
    "image":"https://cs3.gtaall.com/attachments/2015-08/original/97eea81b149b00bf959e8f4797b6788a32656a59/5577-287486-2015-08-17-203516.jpg",
    "condition":"use car",
    "body":"compact",
    "transmission":"Automatic",
    "useWay":13000,
    "price":184000,
    "stars":"cars/carsImage/stars.png",
    "description":"Nunc facilisis sagittis ullamcorper. Proin lectulputate"},

  {"year":2001,
    "make":"JEEP",
    "model":"WRANGLER",
    "image":"https://res.cloudinary.com/jpress/image/fetch/c_fill,f_auto,h_596,q_auto:eco,w_900/https://inews.co.uk/wp-content/uploads/2018/03/Ford-Mustang-Bullitt.jpg",
    "condition":"use car",
    "body":"compact",
    "transmission":"Automatic",
    "useWay":13000,
    "price":131000,
    "stars":"cars/carsImage/stars.png",
    "description":"Nunc facilisis sagittis ullamcorper. Proin lectulputate"},

  {"year":2001,
    "make":"KAWASAKI",
    "model":"KEF300 LAKOTA SPORT",
    "image":"http://static6.uk.businessinsider.com/image/58418c83dd089538448b46fa/these-5-crazy-fast-electric-cars-are-giving-supercars-a-run-for-their-money.jpg",
    "condition":"use car",
    "body":"compact",
    "transmission":"Automatic",
    "useWay":13000,
    "price":113000,
    "stars":"cars/carsImage/stars.png",
    "description":"Nunc facilisis sagittis ullamcorper. Proin lectulputate"}]