{"success":true,"data":{"products":[{ "_id" : { "$oid" : "52cdef7c4bab8bd675297d8b" }, "name" : "AdventNet", "permalink" : "abc3", "main_picture" : "rrr.jpeg", "homepage_url" : "http://adventnet.com"},
  { "_id" : { "$oid" : "52cdef7c4bab8bd675297d8c" }, "name" : "Zoho", "permalink" : "abc4", "main_picture" : "mmm.jpeg", "homepage_url" : "http://zoho.com"},
  { "_id" : { "$oid" : "52cdef7c4bab8bd675297d8a" }, "name" : "Wetpaint", "permalink" : "abc2", "main_picture" : "nnn.jpeg", "homepage_url" : "http://wetpaint-inc.com"},
  { "_id" : { "$oid" : "52cdef7c4bab8bd675297d8d" }, "name" : "Digg", "permalink" : "digg", "crunchbase_url" : "http://www.crunchbase.com/company/digg", "homepage_url" : "http://www.digg.com", "main_picture": "vvv.jpeg"},
  { "_id" : { "$oid" : "52cdef7c4bab8bd675297d8e" }, "name" : "Facebook", "permalink" : "facebook", "crunchbase_url" : "http://www.crunchbase.com/company/facebook", "homepage_url" : "http://facebook.com", "main_picture": "jjj.jpeg"},
  { "_id" : { "$oid" : "52cdef7c4bab8bd675297d8f" }, "name" : "Omnidrive", "permalink" : "omnidrive", "crunchbase_url" : "http://www.crunchbase.com/company/omnidrive", "homepage_url" : "http://www.omnidrive.com", "main_picture": "eee.jpeg"},
  { "_id" : { "$oid" : "52cdef7c4bab8bd675297d91" }, "name" : "Geni", "permalink" : "geni", "crunchbase_url" : "http://www.crunchbase.com/company/geni", "homepage_url" : "http://www.geni.com", "main_picture": "ddd.jpeg"},
  { "_id" : { "$oid" : "52cdef7c4bab8bd6752980ec" }, "name" : "FamilyOven", "permalink" : "familyoven", "crunchbase_url" : "http://www.crunchbase.com/company/familyoven", "homepage_url" : "http://www.familyoven.com", "main_picture": "ppp.jpeg"},
  { "_id" : { "$oid" : "52cdef7c4bab8bd6752980eb" }, "name" : "eSnips", "permalink" : "esnips", "crunchbase_url" : "http://www.crunchbase.com/company/esnips", "homepage_url" : "http://www.esnips.com", "main_picture": "fff.jpeg"},
  { "_id" : { "$oid" : "52cdef7c4bab8bd6752980ef" }, "name" : "Blowtorch", "permalink" : "blowtorch", "crunchbase_url" : "http://www.crunchbase.com/company/blowtorch", "homepage_url" : "http://www.blowtorch.com", "main_picture": "www.jpeg"},
  { "_id" : { "$oid" : "52cdef7c4bab8bd6752980f1" }, "name" : "Blyk", "permalink" : "blyk", "crunchbase_url" : "http://www.crunchbase.com/company/blyk", "homepage_url" : "http://www.blyk.com", "main_picture": "sss.jpeg"},
  { "_id" : { "$oid" : "52cdef7c4bab8bd6752980f1" }, "name" : "Flockish", "permalink" : "flockish", "crunchbase_url" : "http://www.crunchbase.com/company/blyk", "homepage_url" : "http://www.blyk.com", "main_picture": "qqq.jpeg"},
  { "_id" : { "$oid" : "52cdef7c4bab8bd6752980f1" }, "name" : "BuzzTracker", "permalink" : "buzzTracker", "crunchbase_url" : "http://www.crunchbase.com/company/blyk", "homepage_url" : "http://www.blyk.com", "main_picture": "kkk.jpeg"},
  { "_id" : { "$oid" : "52cdef7c4bab8bd6752980f1" }, "name" : "Snip.it", "permalink" : "snip.it", "crunchbase_url" : "http://www.crunchbase.com/company/blyk", "homepage_url" : "http://www.blyk.com", "main_picture": "xxx.jpeg"},
  { "_id" : { "$oid" : "52cdef7c4bab8bd6752980f1" }, "name" : "Trinity Ventures", "permalink" : "Trinity Ventures", "crunchbase_url" : "http://www.crunchbase.com/company/blyk", "homepage_url" : "http://www.blyk.com", "main_picture": "zzz.jpeg"}
]}}
