{"success":true,"data":{"products":[{ "_id" : "ac3", "name" : "AC3 Phone", "brand" : "ACME", "type" : "phone", "main_picture":"lll.jpeg","price" : 200, "warranty_years" : 1, "available" : true },
  { "_id" : "ac7", "name" : "AC7 Phone", "brand" : "ACME", "type" : "phone", "main_picture":"bbb.jpeg", "price" : 320, "warranty_years" : 1, "available" : false},
  { "_id" : { "$oid" : "507d95d5719dbef170f15bf9" }, "name" : "AC3 Series Charger", "type" : [ "accessory", "charger" ], "main_picture": "ooo.jpeg", "price" : 19, "warranty_years" : 0.25, "for" : [ "ac3", "ac7", "ac9" ] },
  { "_id" : { "$oid" : "507d95d5719dbef170f15bfa" }, "name" : "AC3 Case Green", "type" : [ "accessory", "case" ],  "color" : "green", "main_picture": "vvv.jpeg", "price" : 12, "warranty_years" : 0 },
  { "_id" : { "$oid" : "507d95d5719dbef170f15bfb" }, "name" : "Phone Extended Warranty", "type" : "warranty", "main_picture": "kkk.jpeg", "price" : 38, "warranty_years" : 2, "for" : [ "ac3", "ac7", "ac9", "qp7", "qp8", "qp9" ] },
  { "_id" : { "$oid" : "507d95d5719dbef170f15bfc" }, "name" : "AC3 Case Black", "type" : [ "accessory", "case" ], "color" : "black", "main_picture": "nnn.jpeg", "price" : 12.5, "warranty_years" : 0.25, "available" : false, "for" : "ac3" },
  { "_id" : { "$oid" : "507d95d5719dbef170f15bfd" }, "name" : "AC3 Case Red", "type" : [ "accessory", "case" ], "color" : "red", "main_picture":"yyy.jpeg", "price" : 12, "warranty_years" : 0.25, "available" : true, "for" : "ac3" },
  { "_id" : { "$oid" : "507d95d5719dbef170f15bfe" }, "name" : "Phone Service Basic Plan", "main_picture": "uuu.jpeg" ,"type" : "service", "monthly_price" : 40, "limits" : { "voice" : { "units" : "minutes", "n" : 400, "over_rate" : 0.05 }, "data" : { "units" : "gigabytes", "n" : 20, "over_rate" : 1 }, "sms" : { "units" : "texts sent", "n" : 100, "over_rate" : 0.001 } }, "term_years" : 2 },
  { "_id" : { "$oid" : "507d95d5719dbef170f15bff" }, "name" : "Phone Service Core Plan", "main_picture": "hhh.jpeg",  "type" : "service", "monthly_price" : 60, "limits" : { "voice" : { "units" : "minutes", "n" : 1000, "over_rate" : 0.05 }, "data" : { "n" : "unlimited", "over_rate" : 0 }, "sms" : { "n" : "unlimited", "over_rate" : 0 } }, "term_years" : 1 },
  { "_id" : { "$oid" : "507d95d5719dbef170f15c00" }, "name" : "Phone Service Family Plan", "main_picture": "rrr.jpeg" , "type" : "service", "monthly_price" : 90, "limits" : { "voice" : { "units" : "minutes", "n" : 1200, "over_rate" : 0.05 }, "data" : { "n" : "unlimited", "over_rate" : 0 }, "sms" : { "n" : "unlimited", "over_rate" : 0 } }, "sales_tax" : true, "term_years" : 2 },
  { "_id" : { "$oid" : "507d95d5719dbef170f15bfd" }, "name" : "Phone Service Basic Plan", "type" : [ "accessory", "case" ], "color" : "red", "main_picture":"ccc.jpeg", "price" : 12, "warranty_years" : 0.25, "available" : true, "for" : "ac3" },
  { "_id" : { "$oid" : "507d95d5719dbef170f15bfd" }, "name" : "AC3 phone Red", "type" :"phone", "color" : "red", "main_picture":"xxx.jpeg", "price" : 15, "warranty_years" : 0.25, "available" : true, "for" : "ac3" },
  { "_id" : { "$oid" : "507d95d5719dbef170f15bfd" }, "name" : "AC7 phone ", "type" : "phone", "color" : "red", "main_picture":"eee.jpeg", "price" : 13, "warranty_years" : 0.21, "available" : true, "for" : "ac3" },
  { "_id" : { "$oid" : "507d95d5719dbef170f15bfd" }, "name" : "AC3 Case Red", "type" : [ "accessory", "case" ], "color" : "red", "main_picture":"ggg.jpeg", "price" : 12, "warranty_years" : 0.25, "available" : true, "for" : "ac3" },
  { "_id" : { "$oid" : "507d95d5719dbef170f15c01" }, "name" : "Cable TV Basic Service Package", "main_picture": "aaa.jpeg", "type" : "tv", "monthly_price" : 50, "term_years" : 2, "cancel_penalty" : 25, "sales_tax" : true, "additional_tarriffs" : [ { "kind" : "federal tarriff", "amount" : { "percent_of_service" : 0.06 } }, { "kind" : "misc tarriff", "amount" : 2.25 } ] }


]}}
